seed,scale,available,unavailable,min,max,mean,variance,entropy_normalized,effective_fraction,distance_weighted_spread
A_SHOULDER_PAIR,BROAD,24,0,0.9251152177198719,1.0,0.9629846102510581,0.0006971753853626832,0.9998818044897193,0.9992487629968272,1.151546513399557
A_SHOULDER_PAIR,MEDIUM,24,0,0.3343638754756639,1.0,0.5884994846142596,0.049249064682076765,0.9784862781602587,0.8755018541679039,0.9179011651605565
A_SHOULDER_PAIR,FINE,24,0,0.0,1.0,0.26587301587301587,0.11605568153187203,0.7719199320708134,0.3785310734463278,0.3731343283582089
A_SHOULDER_PAIR,DISTANCE,24,0,0.33333333333333337,1.0,0.6111111111111112,0.052469135802469126,0.9774811838223663,0.8768115942028986,0.9090909090909092
B_FOUR_CORNER_FRAME,BROAD,24,0,0.8196898780223815,1.0,0.9107132420033368,0.005108166189703832,0.9990266116988671,0.9938788199921301,0.8003336427406862
B_FOUR_CORNER_FRAME,MEDIUM,24,0,0.3670029216771285,1.0,0.7449541988583376,0.0583949349360919,0.9820291113151507,0.9047937169313216,0.6616663557208999
B_FOUR_CORNER_FRAME,FINE,24,0,0.0,1.0,0.49404761904761907,0.13812122071050642,0.8922518432500217,0.6386193683950312,0.34136546184738953
B_FOUR_CORNER_FRAME,DISTANCE,24,0,0.33333333333333337,1.0,0.7222222222222223,0.052469135802469126,0.9830789459487798,0.9086021505376346,0.6153846153846154
C_UPPER_BIAS,BROAD,24,0,0.5812822888978906,1.0,0.7763669897408548,0.023963115755865017,0.9937359110547743,0.9617635574162803,1.3252790007634643
C_UPPER_BIAS,MEDIUM,24,0,0.053830442287711985,1.0,0.40917947510622316,0.10652880397249298,0.8993091560618,0.611147219062674,0.7804561295837625
C_UPPER_BIAS,FINE,24,0,0.0,1.0,0.22592592592592595,0.12681755829903976,0.6718775379216329,0.2869813358013266,0.2622950819672131
C_UPPER_BIAS,DISTANCE,24,0,0.0,1.0,0.5,0.10185185185185186,0.9154185498276134,0.7105263157894737,0.888888888888889
