phase,id,status,geometry_state,vertices,faces,high_dihedral_fraction,max_dihedral,degenerate_faces,crossings,cross_cell_components,C0_multi_face_components,seconds,reason
CONTROL,C01_column,SUCCESS,VALID_SHARP,6146,6144,0.0,14.335404006268174,0,0,0,0,10.82632949994877,Requested finite schedule completed
CONTROL,C01_cube,SUCCESS,VALID_SHARP,6146,6144,0.0,3.54091562011929,0,0,0,0,9.726744799991138,Requested finite schedule completed
CONTROL,C02_column,SUCCESS,BOUNDARY_SHARP,6146,6144,0.0,35.4710716809627,0,0,0,0,10.479242600034922,Requested finite schedule completed
CONTROL,C02_cube,SUCCESS,BOUNDARY_SHARP,6146,6144,0.0,23.988543684610868,0,0,0,0,10.699839000008069,Requested finite schedule completed
CONTROL,C03_column,SUCCESS,VALID_SHARP,6146,6144,0.0,12.490770612046992,0,0,0,0,11.807247600052506,Requested finite schedule completed
CONTROL,C03_cube,SUCCESS,VALID_SHARP,6146,6144,0.0,7.29215964175924,0,0,0,0,10.038750800071284,Requested finite schedule completed
CONTROL,C04_column,SUCCESS,VALID_SHARP,6146,6144,0.0,32.32361208075738,0,0,0,0,10.335414899978787,Requested finite schedule completed
CONTROL,C04_cube,SUCCESS,VALID_SHARP,6146,6144,0.0,5.770790189944606,0,0,0,0,9.664011100074276,Requested finite schedule completed
CONTROL,C05_column,SUCCESS,VALID_SHARP,6146,6144,0.0,18.12865446976691,0,0,0,0,10.402891600038856,Requested finite schedule completed
CONTROL,C05_cube,SUCCESS,VALID_SHARP,6146,6144,0.0,3.8407821581993447,0,0,0,0,15.100060200085863,Requested finite schedule completed
CONTROL,C06_column,SUCCESS,VALID_SHARP,6146,6144,0.0,10.982726319033375,0,0,0,0,10.948547700070776,Requested finite schedule completed
CONTROL,C06_cube,SUCCESS,VALID_SHARP,6146,6144,0.0,3.910948170353368,0,0,0,0,12.375137700000778,Requested finite schedule completed
CONTROL,C07_column,SUCCESS,VALID_SHARP,6146,6144,0.0,18.27418430488748,0,0,0,0,11.76990489999298,Requested finite schedule completed
CONTROL,C07_cube,SUCCESS,VALID_SHARP,6146,6144,0.0,3.854683864597226,0,0,0,0,11.151377500034869,Requested finite schedule completed
CONTROL,C08_column,SUCCESS,VALID_SHARP,6146,6144,0.0,11.941294179487324,0,0,0,0,15.783484100014903,Requested finite schedule completed
CONTROL,C08_cube,SUCCESS,VALID_SHARP,6146,6144,0.0,4.4123405894440655,0,0,0,0,12.768612699932419,Requested finite schedule completed
CONTROL,C09_column,SUCCESS,VALID_SHARP,6146,6144,0.0,17.64905482045415,0,0,0,0,12.301201099995524,Requested finite schedule completed
CONTROL,C09_cube,SUCCESS,VALID_SHARP,6146,6144,0.0,5.069619305192372,0,0,0,0,12.905051599955186,Requested finite schedule completed
CONTROL,C10_column,SUCCESS,VALID_SHARP,6146,6144,0.0,13.876948941944118,0,0,0,0,12.14568259997759,Requested finite schedule completed
CONTROL,C10_cube,SUCCESS,VALID_SHARP,6146,6144,0.0,9.494850452203641,0,0,0,0,12.522711099940352,Requested finite schedule completed
CONTROL,C11_column,SUCCESS,VALID_SHARP,6146,6144,0.0,40.31253965316335,0,0,0,0,11.779527799924836,Requested finite schedule completed
CONTROL,C11_cube,SUCCESS,VALID_SHARP,6146,6144,0.0,25.202529872041566,0,0,0,0,10.608180799987167,Requested finite schedule completed
CONTROL,C12_column,SUCCESS,VALID_SHARP,6146,6144,0.0,13.878116939758634,0,0,0,0,11.53331739990972,Requested finite schedule completed
CONTROL,C12_cube,SUCCESS,VALID_SHARP,6146,6144,0.0,3.986283407551868,0,0,0,0,11.399279000004753,Requested finite schedule completed
CONTROL,C13_column,SUCCESS,VALID_SHARP,6146,6144,0.0,9.848225208220967,0,0,0,0,11.805110899964347,Requested finite schedule completed
CONTROL,C13_cube,SUCCESS,VALID_SHARP,6146,6144,0.0,6.133725623686644,0,0,0,0,10.72397000005003,Requested finite schedule completed
CONTROL,C14_column,SUCCESS,VALID_SHARP,6146,6144,0.0,17.234475847957953,0,0,0,0,12.376964899944142,Requested finite schedule completed
CONTROL,C14_cube,SUCCESS,VALID_SHARP,6146,6144,0.0,4.123665252843542,0,0,0,0,12.075561900041066,Requested finite schedule completed
CONTROL,C15_column,SUCCESS,VALID_SHARP,6146,6144,0.0,19.620963470165336,0,0,0,0,12.21179949992802,Requested finite schedule completed
CONTROL,C15_cube,SUCCESS,VALID_SHARP,6146,6144,0.0,4.288231306084692,0,0,0,0,11.353040599962696,Requested finite schedule completed
CONTROL,C16_column,SUCCESS,VALID_SHARP,6146,6144,0.0,16.364488197628102,0,0,0,0,12.571152600110509,Requested finite schedule completed
CONTROL,C16_cube,SUCCESS,VALID_SHARP,6146,6144,0.0,13.538090670842482,0,0,0,0,10.600739000015892,Requested finite schedule completed
CONTROL,C17_column,SUCCESS,VALID_SHARP,6146,6144,0.0,25.89914684304204,0,0,0,0,10.809161900077015,Requested finite schedule completed
CONTROL,C17_cube,SUCCESS,VALID_SHARP,6146,6144,0.0,7.302402895414548,0,0,0,0,12.370508600026369,Requested finite schedule completed
CONTROL,C18_column,SUCCESS,BOUNDARY_SHARP,6146,6144,0.004557291666666667,54.208098805384545,0,0,0,0,11.07773320004344,Requested finite schedule completed
CONTROL,C18_cube,SUCCESS,BOUNDARY_SHARP,6146,6144,0.0,31.14145435596644,0,0,0,0,12.0150262999814,Requested finite schedule completed
CONTROL,C19_column,SUCCESS,VALID_SHARP,6146,6144,0.0,13.503673517670748,0,0,0,0,10.597367899958044,Requested finite schedule completed
CONTROL,C19_cube,SUCCESS,VALID_SHARP,6146,6144,0.0,8.773286201864423,0,0,0,0,10.500800400041044,Requested finite schedule completed
CONTROL,C20_column,SUCCESS,BOUNDARY_SHARP,6146,6144,0.001953125,88.45701118631732,0,0,2,2,10.295990699902177,Requested finite schedule completed
CONTROL,C20_cube,SUCCESS,VALID_SHARP,6146,6144,0.00048828125,46.93326191746612,0,0,2,2,11.156017299974337,Requested finite schedule completed
CONTROL,C21_column,SUCCESS,VALID_SHARP,6146,6144,0.00244140625,122.91042384357293,0,0,2,2,10.597500999923795,Requested finite schedule completed
CONTROL,C21_cube,SUCCESS,VALID_SHARP,6146,6144,0.0006510416666666666,115.49406562764474,0,0,2,2,10.444565500016324,Requested finite schedule completed
CONTROL,C22_column,SUCCESS,VALID_SHARP,6146,6144,0.0,18.276188627728473,0,0,0,0,10.630131699959747,Requested finite schedule completed
CONTROL,C22_cube,SUCCESS,VALID_SHARP,6146,6144,0.0,5.91581077843989,0,0,0,0,12.316124900011346,Requested finite schedule completed
CONTROL,C23_column,SUCCESS,VALID_SHARP,6146,6144,0.0,14.897596129733099,0,0,0,0,12.114284100010991,Requested finite schedule completed
CONTROL,C23_cube,SUCCESS,VALID_SHARP,6146,6144,0.0,4.037149388139892,0,0,0,0,10.789726399932988,Requested finite schedule completed
CONTROL,C24_column,TECHNICAL_STOP,UNSTABLE,98,96,0.6666666666666666,177.68746966029826,0,30,1,1,5.352483300026506,"Retained unstable checkpoint: degeneracy, topology failure or sampled crossing explosion. No repair."
CONTROL,C24_cube,TECHNICAL_STOP,UNSTABLE,98,96,0.75,171.56026787789642,0,30,1,1,3.8845708000008017,"Retained unstable checkpoint: degeneracy, topology failure or sampled crossing explosion. No repair."
CONTROL,C25_column,SUCCESS,VALID_SHARP,6146,6144,0.03125,90.0,0,0,1,1,10.908105200040154,Requested finite schedule completed
CONTROL,C25_cube,SUCCESS,VALID_SHARP,6146,6144,0.03125,90.0,0,0,1,1,10.78219249995891,Requested finite schedule completed
CONTROL,C26_column,SUCCESS,VALID_SHARP,6146,6144,0.009765625,119.59561677200689,0,0,8,8,12.39380830002483,Requested finite schedule completed
CONTROL,C26_cube,SUCCESS,VALID_SHARP,6146,6144,0.001953125,108.21815705493881,0,0,8,8,11.954615699942224,Requested finite schedule completed
CONTROL,C27_column,SUCCESS,BOUNDARY_SHARP,6146,6144,0.027994791666666668,121.16901256359839,0,0,56,56,12.568121100077406,Requested finite schedule completed
CONTROL,C27_cube,SUCCESS,BOUNDARY_SHARP,6146,6144,0.03515625,104.17833283913131,0,0,20,20,12.18273640004918,Requested finite schedule completed
CONTROL,C28_column,SUCCESS,VALID_SHARP,6146,6144,0.0006510416666666666,50.4253539307757,0,0,8,8,11.625858700019307,Requested finite schedule completed
CONTROL,C28_cube,SUCCESS,VALID_SHARP,6146,6144,0.001953125,47.68343304741722,0,0,8,8,13.69218449993059,Requested finite schedule completed
CONTROL,C29_column,SUCCESS,VALID_SHARP,6146,6144,0.010416666666666666,52.51046538241736,0,0,4,4,12.37745949998498,Requested finite schedule completed
CONTROL,C29_cube,SUCCESS,VALID_SHARP,6146,6144,0.03125,51.896809534616516,0,0,1,1,12.767980400007218,Requested finite schedule completed
CONTROL,C30_column,SUCCESS,VALID_SHARP,6146,6144,0.010416666666666666,54.045877976739554,0,0,4,4,12.104364299913868,Requested finite schedule completed
CONTROL,C31_column,SUCCESS,VALID_SHARP,6146,6144,0.006510416666666667,50.219095242369974,0,0,8,8,13.038058800040744,Requested finite schedule completed
CONTROL,C32_column,SUCCESS,BOUNDARY_SHARP,6146,6144,0.01171875,119.62139052150063,0,0,12,12,13.419937599916011,Requested finite schedule completed
CONTROL,C33_column,SUCCESS,VALID_SHARP,6146,6144,0.013671875,110.53302217722724,0,0,12,12,11.350581099977717,Requested finite schedule completed
CONTROL,C34_column,SUCCESS,VALID_SHARP,6146,6144,0.008463541666666666,67.3866403959181,0,0,20,20,12.486544499988668,Requested finite schedule completed
CONTROL,C35_column,SUCCESS,VALID_SHARP,6146,6144,0.008463541666666666,115.0366198441577,0,0,16,16,12.575528800021857,Requested finite schedule completed
CONTROL,C36_column,SUCCESS,VALID_SHARP,6146,6144,0.0013020833333333333,52.95990558403799,0,0,8,8,11.929757499950938,Requested finite schedule completed
CONTROL,C37_column,SUCCESS,BOUNDARY_SHARP,6146,6144,0.013997395833333334,119.59561677200689,0,0,10,10,11.388124399934895,Requested finite schedule completed
CONTROL,C38_column,SUCCESS,BOUNDARY_SHARP,6146,6144,0.012369791666666666,119.59561677200689,0,0,12,12,11.19001209991984,Requested finite schedule completed
CONTROL,C39_column,SUCCESS,VALID_SHARP,6146,6144,0.01220703125,119.59561677200689,0,0,10,10,12.51217500003986,Requested finite schedule completed
CONTROL,C40_column,SUCCESS,BOUNDARY_SHARP,6146,6144,0.014322916666666666,101.25164354741854,0,0,12,12,11.193140599993058,Requested finite schedule completed
CONTROL,C41_column,SUCCESS,VALID_SHARP,6146,6144,0.007161458333333333,114.23943754210146,0,0,8,8,12.525309599936008,Requested finite schedule completed
CONTROL,C42_column,SUCCESS,BOUNDARY_SHARP,6146,6144,0.011067708333333334,133.96611628398054,0,0,8,8,11.951250600046478,Requested finite schedule completed
CONTROL,C43_cube,TECHNICAL_STOP,UNSTABLE,26,24,0,,24,0,0,0,1.5969388999510556,"Retained unstable checkpoint: degeneracy, topology failure or sampled crossing explosion. No repair."
CONTROL,LOCK_L0,SUCCESS,VALID_SHARP,24578,24576,0.0,1.7719196539031732,0,0,0,0,27.990184900001623,Requested finite schedule completed
CONTROL,LOCK_L1,SUCCESS,VALID_SHARP,24578,24576,0.0,3.495754140892401,0,0,0,0,26.41870470007416,Requested finite schedule completed
CONTROL,LOCK_L3,SUCCESS,VALID_SHARP,24578,24576,0.0,26.43958151964251,0,0,0,0,26.625548199983314,Requested finite schedule completed
CONTROL,LOCK_L6,SUCCESS,VALID_SHARP,24578,24576,0.000244140625,119.37548016876794,0,0,2,2,26.57293500006199,Requested finite schedule completed
DISTANCE,D01,SUCCESS,BOUNDARY_SHARP,6146,6144,0.013020833333333334,131.13148850726722,0,0,10,10,11.2406186000444,Requested finite schedule completed
DISTANCE,D02,SUCCESS,BOUNDARY_SHARP,6146,6144,0.013020833333333334,131.13148850726705,0,0,10,10,11.184992900001816,Requested finite schedule completed
DISTANCE,D03,SUCCESS,BOUNDARY_SHARP,6146,6144,0.008626302083333334,124.60102459203614,0,0,10,10,11.338190500042401,Requested finite schedule completed
DISTANCE,D04,SUCCESS,BOUNDARY_SHARP,6146,6144,0.008626302083333334,124.60102459203614,0,0,10,10,11.771423900034279,Requested finite schedule completed
DISTANCE,D05,SUCCESS,BOUNDARY_SHARP,6146,6144,0.0185546875,134.12929798620954,0,0,12,12,11.933407299919054,Requested finite schedule completed
DISTANCE,D06,SUCCESS,BOUNDARY_SHARP,6146,6144,0.0185546875,134.12929798620954,0,0,12,12,10.968380599981174,Requested finite schedule completed
DISTANCE,D07,SUCCESS,BOUNDARY_SHARP,6146,6144,0.014811197916666666,162.98414435185322,0,3,14,14,12.058640599949285,Requested finite schedule completed
DISTANCE,D08,SUCCESS,BOUNDARY_SHARP,6146,6144,0.014811197916666666,162.98414435185322,0,1,14,14,11.046548099955544,Requested finite schedule completed
PLANARITY,P01,SUCCESS,VALID_SHARP,6146,6144,0.020182291666666668,119.44658290023338,0,0,16,16,12.145496099954471,Requested finite schedule completed
PLANARITY,P02,SUCCESS,VALID_SHARP,6146,6144,0.007161458333333333,119.62622933133483,0,0,8,8,11.561686300090514,Requested finite schedule completed
PLANARITY,P03,SUCCESS,VALID_SHARP,6146,6144,0.0078125,117.57887980115245,0,0,8,8,11.303250600001775,Requested finite schedule completed
PLANARITY,P04,SUCCESS,BOUNDARY_SHARP,6146,6144,0.005859375,83.99173301082416,0,0,8,8,11.054497799952514,Requested finite schedule completed
PLANARITY,P05,SUCCESS,BOUNDARY_SHARP,6146,6144,0.022786458333333332,116.98876747757123,0,0,12,12,11.625300799962133,Requested finite schedule completed
PLANARITY,P06,SUCCESS,VALID_SHARP,6146,6144,0.01171875,116.65304337346869,0,0,20,20,12.679387900047004,Requested finite schedule completed
PLANARITY,P07,SUCCESS,BOUNDARY_SHARP,6146,6144,0.012369791666666666,127.03791800450036,0,0,8,8,12.892701999982819,Requested finite schedule completed
PLANARITY,P08,SUCCESS,BOUNDARY_SHARP,6146,6144,0.016276041666666668,147.02387839013636,0,0,16,16,11.870992099982686,Requested finite schedule completed
GATE,G1_01,SUCCESS,VALID_SHARP,17922,17920,0.004129464285714286,80.52297296391507,0,0,78,0,12.322485000011511,Requested finite schedule completed
GATE,G1_02,SUCCESS,VALID_SHARP,17922,17920,0.015066964285714286,127.1676855247037,0,0,126,34,12.211812700028531,Requested finite schedule completed
GATE,G1_03,SUCCESS,VALID_SHARP,17922,17920,0.0040178571428571425,79.06049502355644,0,0,74,0,12.992104800068773,Requested finite schedule completed
GATE,G1_04,SUCCESS,VALID_SHARP,17922,17920,0.003627232142857143,75.95469197195025,0,0,68,0,11.281319600064307,Requested finite schedule completed
GATE,G1_05,SUCCESS,VALID_SHARP,17922,17920,0.004129464285714286,80.52297296391507,0,0,78,0,14.757179299951531,Requested finite schedule completed
GATE,G1_06,SUCCESS,VALID_SHARP,17922,17920,0.009375,106.92416831678783,0,0,106,14,12.72463469998911,Requested finite schedule completed
GATE,G1_07,SUCCESS,VALID_SHARP,17922,17920,0.010602678571428572,112.63163358533804,0,0,110,14,14.643301300005987,Requested finite schedule completed
GATE,G1_08,SUCCESS,VALID_SHARP,17922,17920,0.010044642857142858,109.80885918812952,0,0,110,18,11.587436300003901,Requested finite schedule completed
GATE,G1_09,SUCCESS,VALID_SHARP,17922,17920,0.010044642857142858,109.80885918812952,0,0,110,18,10.805425600032322,Requested finite schedule completed
GATE,G1_10,SUCCESS,VALID_SHARP,17922,17920,0.009933035714285714,109.80885918812952,0,0,106,14,13.748278100043535,Requested finite schedule completed
GATE,G1_11,SUCCESS,VALID_SHARP,17922,17920,0.009933035714285714,109.80885918812952,0,0,106,14,11.467722999979742,Requested finite schedule completed
GATE,G1_12,SUCCESS,VALID_SHARP,71682,71680,0.0006975446428571429,82.00863317702871,0,0,36,0,50.931643299991265,Requested finite schedule completed
GATE,G1_13,SUCCESS,VALID_SHARP,71682,71680,0.0006138392857142857,81.47403823467637,0,0,32,0,54.45566650002729,Requested finite schedule completed
GATE,G1_14,SUCCESS,VALID_SHARP,71682,71680,0.0012555803571428572,94.69656223939042,0,0,58,0,53.115635900059715,Requested finite schedule completed
GATE,G1_15,SUCCESS,BOUNDARY_SHARP,71682,71680,0.005036272321428572,142.18948899091225,0,0,150,22,52.9287671999773,Requested finite schedule completed
GATE,G1_16,SUCCESS,BOUNDARY_SHARP,17922,17920,0.023660714285714285,127.69112459555822,0,6,202,38,12.349320399924181,Requested finite schedule completed
GATE,G1_17,SUCCESS,VALID_SHARP,17922,17920,0.016964285714285713,129.07974793054663,0,0,142,38,12.474717700039037,Requested finite schedule completed
GATE,G1_18,SUCCESS,VALID_SHARP,17922,17920,0.010993303571428572,111.55858235606654,0,0,110,18,12.777754200040363,Requested finite schedule completed
GATE,G1_19,SUCCESS,VALID_SHARP,17922,17920,0.014508928571428572,122.53490993493047,0,0,142,34,11.794774699956179,Requested finite schedule completed
GATE,G1_20,TECHNICAL_STOP,UNSTABLE,17922,17920,0.08141741071428571,179.3640366467939,0,30,554,42,13.210326500004157,"Retained unstable checkpoint: degeneracy, topology failure or sampled crossing explosion. No repair."
GATE,G1_21,SUCCESS,BOUNDARY_SHARP,17922,17920,0.046707589285714286,173.08652371699753,0,6,260,26,11.8567382999463,Requested finite schedule completed
GATE,G1_22,SUCCESS,BOUNDARY_SHARP,17922,17920,0.0234375,149.70396768330465,0,1,146,34,10.967101700021885,Requested finite schedule completed
GATE,G1_23,TECHNICAL_STOP,UNSTABLE,17922,17920,0.12751116071428573,179.18330827613374,0,30,636,32,12.921628799987957,"Retained unstable checkpoint: degeneracy, topology failure or sampled crossing explosion. No repair."
GATE,G1_24,SUCCESS,VALID_SHARP,17922,17920,0.017354910714285715,129.07974793054663,0,0,152,36,10.982483900035731,Requested finite schedule completed
GATE,G1_25,SUCCESS,VALID_SHARP,17922,17920,0.016741071428571428,129.07974793054663,0,0,138,38,10.756203899974935,Requested finite schedule completed
GATE,G2_01,SUCCESS,VALID_SHARP,71682,71680,0.0006975446428571429,82.00863317702871,0,0,36,0,52.424277600017376,Requested finite schedule completed
GATE,G2_02,SUCCESS,VALID_SHARP,71682,71680,0.0006975446428571429,82.00863317702871,0,0,36,0,68.90806669997983,Requested finite schedule completed
GATE,G2_03,TECHNICAL_STOP,UNSTABLE,17922,17920,0.03850446428571429,175.77669632296426,0,30,358,18,11.1855500000529,"Retained unstable checkpoint: degeneracy, topology failure or sampled crossing explosion. No repair."
GATE,G2_04,TECHNICAL_STOP,UNSTABLE,17922,17920,0.03850446428571429,175.77669632296426,0,30,358,18,12.530862599960528,"Retained unstable checkpoint: degeneracy, topology failure or sampled crossing explosion. No repair."
GATE,G2_05,TECHNICAL_STOP,UNSTABLE,17922,17920,0.01752232142857143,139.7357956069289,0,30,146,38,11.249563499935903,"Retained unstable checkpoint: degeneracy, topology failure or sampled crossing explosion. No repair."
GATE,G2_06,TECHNICAL_STOP,UNSTABLE,17922,17920,0.01752232142857143,139.7357956069289,0,30,146,38,11.518255000002682,"Retained unstable checkpoint: degeneracy, topology failure or sampled crossing explosion. No repair."
GATE,G2_07,SUCCESS,BOUNDARY_SHARP,71682,71680,0.005036272321428572,142.18948899091225,0,0,150,22,52.161828999989666,Requested finite schedule completed
GATE,G2_08,TECHNICAL_STOP,UNSTABLE,17922,17920,0.017410714285714286,145.567693376023,0,30,158,38,11.357253800029866,"Retained unstable checkpoint: degeneracy, topology failure or sampled crossing explosion. No repair."
GATE,G3_01,SUCCESS,VALID_SHARP,19162,19780,0.047354904982023625,129.07974793054663,0,0,250,38,23.569451700081117,Requested finite schedule completed
GATE,G3_02,SUCCESS,VALID_SHARP,18682,19060,0.053312135665076844,129.15144202513926,0,0,276,18,21.69108760007657,Requested finite schedule completed
GATE,G3_03,TECHNICAL_STOP,VALID_SHARP,17922,17920,0.014508928571428572,122.53490993493047,0,0,142,34,12.102197599946521,Empty finish selection; no invented geometry.
GATE,G3_04,TECHNICAL_STOP,VALID_SHARP,17922,17920,0.009375,106.92416831678783,0,0,106,14,11.51831910002511,Empty finish selection; no invented geometry.
GATE,G3_05,SUCCESS,VALID_SHARP,25058,28624,0.1394187779433681,177.55017996420813,0,0,374,18,31.996469700010493,Requested finite schedule completed
GATE,G3_06,SUCCESS,BOUNDARY_SHARP,25162,28780,0.292769744160178,179.99787660314954,0,2,124,12,31.38503630005289,Requested finite schedule completed
GATE,G4_01,SUCCESS,VALID_SHARP,39586,39584,0.34564470493128535,154.60745062477977,0,0,346,38,55.17870980000589,Requested finite schedule completed
GATE,G4_02,SUCCESS,VALID_SHARP,52850,52848,0.3908946412352407,178.15576775093442,0,0,234,14,98.28338359994814,Requested finite schedule completed
GATE,G4_03,SUCCESS,VALID_SHARP,39570,39568,0.33875859280226445,160.82513371807556,0,0,290,34,47.96754709992092,Requested finite schedule completed
GATE,G4_04,SUCCESS,VALID_SHARP,52882,52880,0.391981845688351,175.21399463867553,0,0,370,14,89.1412876000395,Requested finite schedule completed
GATE,G4_05,SUCCESS,VALID_SHARP,61346,61344,0.3561065466875326,147.77720615723922,0,0,414,18,115.95609560003504,Requested finite schedule completed
GATE,G4_06,SUCCESS,VALID_SHARP,74354,74352,0.40600118355928555,175.07255555979208,0,0,180,14,152.3320875999052,Requested finite schedule completed
GATE,G4_07,SUCCESS,VALID_SHARP,61250,61248,0.36912225705329155,154.60745062477977,0,0,346,38,113.16404559998773,Requested finite schedule completed
GATE,G4_08,SUCCESS,VALID_SHARP,74546,74544,0.3944247692637905,178.15576775093442,0,0,234,14,192.3874094999628,Requested finite schedule completed
GATE,G5_01,SUCCESS,BOUNDARY_SHARP,84938,90316,0.25918106498071347,179.0147616808026,0,0,444,14,162.3836120000342,Requested finite schedule completed
GATE,G5_02,SUCCESS,BOUNDARY_SHARP,84938,90316,0.2583479789103691,179.2494795295387,0,0,166,10,144.0274916999042,Requested finite schedule completed
GATE,G5_03,SUCCESS,BOUNDARY_SHARP,84946,90328,0.253411839883153,174.56105287715351,0,1,216,6,149.86400249996223,Requested finite schedule completed
GATE,G5_04,SUCCESS,BOUNDARY_SHARP,84946,90328,0.259539458669953,177.43086580880868,0,0,154,6,135.573618000024,Requested finite schedule completed
GATE,G5_05,SUCCESS,BOUNDARY_SHARP,84946,90328,0.2511410835729609,177.5209541439756,0,0,188,6,133.48405610001646,Requested finite schedule completed
GATE,G5_06,SUCCESS,BOUNDARY_SHARP,84938,90316,0.272088193002077,179.38547008523878,0,0,398,14,131.55226450006012,Requested finite schedule completed
GATE,G5_07,SUCCESS,BOUNDARY_SHARP,84938,90316,0.26187432953689543,178.61190994260738,0,0,396,6,131.6107077000197,Requested finite schedule completed
GATE,G5_08,SUCCESS,BOUNDARY_SHARP,84938,90316,0.25271038276310687,172.38885503088306,0,0,152,10,139.8458641000325,Requested finite schedule completed
R,R1_1,SUCCESS,BOUNDARY_SHARP,6146,6144,0.01171875,96.83146751503713,0,0,20,20,10.365005400031805,Requested finite schedule completed
R,R1_2,TECHNICAL_STOP,UNSTABLE,6146,6144,0.005208333333333333,86.05153088735321,0,0,8,8,10.724939799983986,"Retained unstable checkpoint: degeneracy, topology failure or sampled crossing explosion. No repair."
R,R1_3,TECHNICAL_STOP,UNSTABLE,386,384,0.08333333333333333,87.78539075515252,0,0,4,4,4.069680799962953,"Retained unstable checkpoint: degeneracy, topology failure or sampled crossing explosion. No repair."
R,R2_1,SUCCESS,VALID_SHARP,17922,17920,0.016964285714285713,129.07974793054663,0,0,142,38,10.452594599919394,Requested finite schedule completed
R,R2_2,SUCCESS,VALID_SHARP,17922,17920,0.015625,128.56920330840305,0,0,134,38,10.584785300074145,Requested finite schedule completed
R,R2_3,SUCCESS,VALID_SHARP,17922,17920,0.016964285714285713,129.07974793054663,0,0,142,38,11.327712900005281,Requested finite schedule completed
R,R3_1,SUCCESS,VALID_SHARP,17922,17920,0.017354910714285715,129.07974793054663,0,0,152,36,10.646482400014065,Requested finite schedule completed
R,R3_2,SUCCESS,VALID_SHARP,17922,17920,0.016127232142857145,128.56920330840305,0,0,140,36,12.503373799961992,Requested finite schedule completed
R,R3_3,SUCCESS,VALID_SHARP,17922,17920,0.017354910714285715,129.07974793054663,0,0,152,36,10.4918848000234,Requested finite schedule completed
R,R4_1,SUCCESS,BOUNDARY_SHARP,24994,28528,0.13770553064275037,178.03018126602962,0,1,378,22,29.768250399967656,Requested finite schedule completed
R,R4_2,SUCCESS,BOUNDARY_SHARP,25002,28540,0.1384011953679492,176.79118485361175,0,1,374,18,35.474168300046586,Requested finite schedule completed
R,R4_3,SUCCESS,BOUNDARY_SHARP,25026,28576,0.07332089552238806,175.19403124857644,0,2,378,22,30.856935999938287,Requested finite schedule completed
R,R5_1,SUCCESS,VALID_SHARP,74354,74352,0.40613567893264474,174.68140745492406,0,0,192,14,141.65282309998292,Requested finite schedule completed
R,R5_2,SUCCESS,VALID_SHARP,74418,74416,0.4045769726940443,175.1390676304537,0,0,140,14,145.14290770003572,Requested finite schedule completed
R,R5_3,SUCCESS,VALID_SHARP,74354,74352,0.40503281687109965,175.09464512232728,0,0,184,14,154.44311190000735,Requested finite schedule completed
R,R6_1,SUCCESS,BOUNDARY_SHARP,84938,90316,0.2722137265195262,178.9575455091666,0,0,398,14,126.56290080002509,Requested finite schedule completed
R,R6_2,SUCCESS,BOUNDARY_SHARP,84938,90316,0.27296692762422115,178.94104206368408,0,0,404,14,127.89427859999705,Requested finite schedule completed
R,R6_3,SUCCESS,BOUNDARY_SHARP,84938,90316,0.272384908588775,179.28413677014234,0,0,402,14,124.73244829999749,Requested finite schedule completed
HERO,HERO_SHARP_GATE,SUCCESS,VALID_SHARP,17922,17920,0.017354910714285715,129.07974793054663,0,0,152,36,10.461210699984804,Requested finite schedule completed
REPLAY,HERO_SHARP_GATE,SUCCESS,VALID_SHARP,17922,17920,0.017354910714285715,129.07974793054663,0,0,152,36,13.422137000015937,Requested finite schedule completed
REFERENCE,REF_C0,SUCCESS,VALID_SHARP,24,22,0.7272727272727273,90.0,0,0,1,1,1.1920149999205023,"Frozen actual reference, no transform"
REFERENCE,REF_C07,SUCCESS,BOUNDARY_SHARP,4482,4480,0.05580357142857143,110.22725590938879,0,11,110,18,3.3511306999716908,"Frozen actual reference, no transform"
REFERENCE,REF_ORDERED,SUCCESS,VALID_SHARP,21234,22576,0.4956172388604821,179.01252567900787,0,0,329,3,10.778661499964073,"Frozen actual reference, no transform"
