candidate,material_arc,centroid_z,section_u_orientation_degrees,actual_ring_y_span
RETURN_G2,0.079483695652,2.5926243117639536,46.00138611357691,4.093853187150886
RETURN_G2,0.130264945652,4.165173270319642,23.487906366846346,2.569453037236489
RETURN_G2,0.189877717391,6.054123330684989,-31.182642227494412,4.008281199748376
RETURN_G2,0.240658967391,7.5311689325227915,-44.49036746110629,3.759713215245915
RETURN_G2,0.280400815217,8.628901527355753,-19.989060570359005,2.163884508685093
RETURN_G2,0.320057744565,10.048890914249109,21.321244764700182,2.2481354967133833
RETURN_G2,0.360478940217,10.716415616308439,19.96338130127872,3.411144881305634
RETURN_G2,0.399966032609,11.28785913296299,2.5804460399436593,2.941400677608641
RETURN_G2,0.439453125,11.928726604442366,0.13710333558275095,2.0729586522664762
RETURN_G2,0.478940217391,12.36503512316329,0.016352427530856684,2.858540388260044
D_TORQUE,0.079483695652,2.5926243117639536,81.6267136080134,2.9925349329942623
D_TORQUE,0.130264945652,4.165173270319642,57.263041321906094,2.4065823223028078
D_TORQUE,0.189877717391,6.054123330684989,-64.3306436621226,3.252530388917621
D_TORQUE,0.240658967391,7.5311689325227915,-86.86308052567601,2.8615244741275596
D_TORQUE,0.280400815217,8.628901527355753,-22.78180275546516,2.2703689482331573
D_TORQUE,0.320057744565,10.048890914249109,24.36226342578206,2.2474789324314814
D_TORQUE,0.360478940217,10.716415616308439,22.06545137074972,3.411144881305634
D_TORQUE,0.399966032609,11.28785913296299,2.7723724387949478,2.941400677608641
D_TORQUE,0.439453125,11.928726604442366,0.13710333534456837,2.0729586522664762
D_TORQUE,0.478940217391,12.36503512316329,0.016352427520997526,2.858540388260044
D_KNUCKLE,0.079483695652,2.5924171332709722,72.43501574018404,3.3413080164092968
D_KNUCKLE,0.130264945652,4.165173270323576,35.91418737838314,2.0680175812948267
D_KNUCKLE,0.189877717391,6.054909123803731,-73.75989426422741,2.923260137656407
D_KNUCKLE,0.240658967391,7.540257651987602,-75.47117426000105,2.4515514664906823
D_KNUCKLE,0.280400815217,8.682199816857329,-5.66681851319699,1.9505990188210252
D_KNUCKLE,0.320057744565,10.048725961294938,24.597170300803164,2.248450383232436
D_KNUCKLE,0.360478940217,10.717278395911434,22.188467438838423,3.451545559337065
D_KNUCKLE,0.399966032609,11.293497739542387,2.838007255108236,2.918970596941615
D_KNUCKLE,0.439453125,11.846091293108817,0.19024650012653144,2.0729586550551833
D_KNUCKLE,0.478940217391,12.107739065747472,0.024240868746738534,2.8585403884092973
D_CONFLUX,0.079483695652,2.5926243117639536,76.13282941837348,3.251866391913041
D_CONFLUX,0.130264945652,4.165173270319642,56.01104774799953,2.440421669287863
D_CONFLUX,0.189877717391,6.054123330684989,-54.084026032165546,3.7547864701828932
D_CONFLUX,0.240658967391,7.5311689325227915,-79.11737238839048,2.8883562960355116
D_CONFLUX,0.280400815217,8.628901527355753,-32.22753761656152,2.1429398709286396
D_CONFLUX,0.320057744565,10.06713752620647,23.415859146111007,1.8136157406434736
D_CONFLUX,0.360478940217,10.725376953161247,25.54634234991983,3.3695352932825853
D_CONFLUX,0.399966032609,11.24204489574759,14.433126454729383,3.079173125581608
D_CONFLUX,0.439453125,11.851488470409706,12.913051674789285,2.239996824810314
D_CONFLUX,0.478940217391,12.334202141958569,-0.8260325311081496,3.0670797847755287
