candidate,z,right_section_x_span,right_section_y_span,depth_over_width,projected_center_opening_width,jamb_depth_over_projected_opening,center_axis_blocked,region
RETURN_G2,1.2,2.313862921778967,2.7576881638808883,1.1918113808404414,7.256737729027283,0.3800176149194437,False,Support section
RETURN_G2,3.0,2.664168136617871,3.7291925044247787,1.3997586913410591,5.9581418246672,0.62589857948423,False,Support section
RETURN_G2,4.8,2.0613864988956254,2.4928899166932843,1.2093267895316255,5.933169732749707,0.4201615711300346,False,Support section
RETURN_G2,6.0,2.442445360848207,3.9220137334268035,1.6057733762628676,5.4297692869247784,0.7223168289804239,False,Support section
RETURN_G2,7.2,3.0573736121361934,4.027500018717761,1.317307117040151,4.977652408094489,0.8091163642058208,False,Support section
RETURN_G2,8.4,2.2733412130173782,2.3158592450975326,1.0187028818360797,5.971325455722583,0.38783001567568937,False,Support section
RETURN_G2,9.6,2.9390070473033996,2.995623544113397,1.0192638179829967,4.542067009871669,0.659528698630546,False,Upper combined section; not a column width
RETURN_G2,11.0,4.54899834751406,3.446967503866344,0.7577420874971399,0,,True,Upper combined section; not a column width
RETURN_G2,12.6,2.3737451798526883,2.7131295301235827,1.1429742135556253,0,,True,Upper combined section; not a column width
LINK_G2,1.2,2.285271661608185,2.6488062705486506,1.1590771963997664,7.285831950147635,0.3635557735441561,False,Support section
LINK_G2,3.0,2.015940694842407,2.3732675042979947,1.1772506554234332,6.613003088825216,0.35887893479263444,False,Support section
LINK_G2,4.8,2.273009776262112,3.3954891294832574,1.4938295316384538,5.721460336166355,0.5934654668528898,False,Support section
LINK_G2,6.0,2.5599759670640827,4.2306267932589545,1.6526041055419998,5.319902565690002,0.7952451649291125,False,Support section
LINK_G2,7.2,2.225568402675805,2.9769354525760483,1.33760681046553,5.80934525053141,0.5124390657111889,False,Support section
LINK_G2,8.4,2.219038306915964,2.7405551954267335,1.2350193265638472,6.007656652588123,0.4561770676834688,False,Support section
LINK_G2,9.6,2.760456238509809,3.5241228142923617,1.2766450578455129,5.081404021777871,0.6935332831612451,False,Upper combined section; not a column width
LINK_G2,11.0,4.710312580039674,3.828412761593607,0.8127725488573332,0,,True,Upper combined section; not a column width
LINK_G2,12.6,2.4220197780437083,3.3046797755100665,1.3644313747839385,0,,True,Upper combined section; not a column width
D_R2,1.2,2.2776330553697,3.4194204702669495,1.5013043748225356,7.291858539086502,0.46893675349540204,False,Support section
D_R2,3.0,2.1898389557511484,5.343267447054583,2.4400275796636195,6.398664801886509,0.8350597526970368,False,Support section
D_R2,4.8,1.8635413877131857,4.0191952450280475,2.1567512648378244,5.977749112725933,0.6723593060256825,False,Support section
D_R2,6.0,2.644674695307312,5.268923448900459,1.9922765768695831,4.972805032235169,1.0595475621396302,False,Support section
D_R2,7.2,4.401919976941688,7.161413724290519,1.6268841237014122,3.3821029072911553,2.1174440638254692,False,Support section
D_R2,8.4,4.143463599234969,7.3474925774801925,1.7732731087191889,4.010024332394259,1.83228129518437,False,Support section
D_R2,9.6,2.795272697191184,6.793643046083172,2.430404394143631,5.1884505537366605,1.3093780071182275,False,Upper combined section; not a column width
D_R2,11.0,4.702708519668318,5.066689026545255,1.0773980580243594,0,,True,Upper combined section; not a column width
D_R2,12.6,2.2562128066729064,4.171208818831519,1.8487656866829578,0,,True,Upper combined section; not a column width
D_TORQUE,1.2,2.3412326793368563,2.8336775456648446,1.2103357221493556,7.224446806205067,0.3922345366611327,False,Support section
D_TORQUE,3.0,3.145080176101672,2.7327029076449927,0.8688817946231752,5.462159815591503,0.5002971351816928,False,Support section
D_TORQUE,4.8,1.9991331306323037,2.37848997905845,1.1897606730704122,6.01585787187987,0.39537004193139386,False,Support section
D_TORQUE,6.0,3.1657682079167238,3.272218223439304,1.0336253346838147,4.731319417746258,0.6916079711646291,False,Support section
D_TORQUE,7.2,3.6583374301762714,2.8230583289287328,0.7716779501098968,4.1545381988918715,0.679511944235275,False,Support section
D_TORQUE,8.4,2.2516133168735557,2.2191146741224985,0.9855665080200438,5.776746888113355,0.38414608032917397,False,Support section
D_TORQUE,9.6,3.0006190584293466,2.921058753639628,0.973485369771875,4.486524246150462,0.6510738811109651,False,Upper combined section; not a column width
D_TORQUE,11.0,4.54899834751406,3.446967503866344,0.7577420874971399,0,,True,Upper combined section; not a column width
D_TORQUE,12.6,2.3737451798526883,2.7131295301235827,1.1429742135556253,0,,True,Upper combined section; not a column width
D_KNUCKLE,1.2,2.333335319483819,2.808472806908126,1.2036301784217698,7.23469526537092,0.38819503847673625,False,Support section
D_KNUCKLE,3.0,2.935594409807883,2.8647276496938425,0.9758594852622442,5.685619413819103,0.503854978884274,False,Support section
D_KNUCKLE,4.8,1.7252219073426307,2.1846212098925717,1.2662841809478043,6.267804945690974,0.3485464574634645,False,Support section
D_KNUCKLE,6.0,3.514291732309457,2.998082285615502,0.8531113845933553,4.400013171006521,0.6813802979888985,False,Support section
D_KNUCKLE,7.2,3.1177563781202604,2.3860389683931964,0.7653064187881714,4.752009662267632,0.5021115565776422,False,Support section
D_KNUCKLE,8.4,1.9228005092868563,2.0413570462851425,1.0616582616998875,6.475601382572127,0.31523821892111425,False,Support section
D_KNUCKLE,9.6,2.8606236250378125,2.732023128024236,0.9550445938123452,4.493211781518569,0.6080334648951035,False,Upper combined section; not a column width
D_KNUCKLE,11.0,4.478849495953844,3.4785936709377,0.7766712576701301,0,,True,Upper combined section; not a column width
D_KNUCKLE,12.6,1.8690341449396135,3.272603138928072,1.750959525158277,0,,True,Upper combined section; not a column width
D_CONFLUX,1.2,2.3364027675821566,2.8172533307100904,1.2058080780419318,7.231061649921756,0.3896043855110231,False,Support section
D_CONFLUX,3.0,3.1318065724774238,2.803732127919073,0.8952443463649714,5.489640446337308,0.5107314687230062,False,Support section
D_CONFLUX,4.8,2.181629745430903,2.5483883933423375,1.1681122329210791,5.825426915653775,0.43745950815972723,False,Support section
D_CONFLUX,6.0,2.963557714251664,3.740120128123307,1.2620372163285962,4.909086722631962,0.7618769721220318,False,Support section
D_CONFLUX,7.2,3.28698460605411,2.9057004739569314,0.8840018503905029,4.639173111201772,0.6263401697472362,False,Support section
D_CONFLUX,8.4,2.462311915564968,1.9978306225920688,0.8113637472016514,5.477667598859488,0.3647228654414955,False,Support section
D_CONFLUX,9.6,3.1618516417715177,2.84569694170823,0.9000096348966731,4.243366497030693,0.6706224747967242,False,Upper combined section; not a column width
D_CONFLUX,11.0,4.547203522041716,2.8866463680259757,0.634817938988985,0,,True,Upper combined section; not a column width
D_CONFLUX,12.6,2.421142645771379,3.2716608782074976,1.3512879482427778,0,,True,Upper combined section; not a column width
