id,family,reference,status,technically_valid,completed_stage,stop_reason,vertices,edges,faces,manifold,closed,boundary_edges,components,degenerate_faces,fan_warnings,bilinear_warnings,sampled_crossings,contact_state,known_backbone_contacts_retained,ornament_depth,signatures,signature_dominance,nested_components,routing_patches,multi_face_patches,largest_patch,runtime_seconds,peak_resident_bytes
A_D01,PURE_DIRECTION,C07,TECHNICAL_STOP,False,new__fin,new__fin: Severe sampled crossing cap reached; no further growth.,10626,21248,10624,True,True,0,1,0,0,0,30,UNSTABLE,12,3,4,0.64,96,160,136,16,15.364047099952586,400756736
A_D02,PURE_DIRECTION,C07,TECHNICAL_STOP,False,new__fin,new__fin: Severe sampled crossing cap reached; no further growth.,10626,21248,10624,True,True,0,1,0,0,0,30,UNSTABLE,12,3,4,0.64,96,160,136,16,14.503580199903809,400408576
A_D03,PURE_DIRECTION,C07,TECHNICAL_STOP,False,new__fin,new__fin: Severe sampled crossing cap reached; no further growth.,10626,21248,10624,True,True,0,1,0,0,0,30,UNSTABLE,0,2,4,0.64,96,308,240,26,14.329052099958062,391049216
A_D04,PURE_DIRECTION,C07,SUCCESS,True,new__fin,All declared stages completed,6018,12032,6016,True,True,0,1,0,0,0,4,LOW_CONTACT,12,3,4,0.3076923076923077,96,384,0,1,12.241605899995193,384327680
A_D05,PURE_DIRECTION,C07,TECHNICAL_STOP,False,new__fin,new__fin: Severe sampled crossing cap reached; no further growth.,10626,21248,10624,True,True,0,1,0,0,0,30,UNSTABLE,12,3,4,0.64,96,160,136,16,13.636998799978755,408010752
A_D06,PURE_DIRECTION,HERO,TECHNICAL_STOP,False,new__fin,new__fin: Severe sampled crossing cap reached; no further growth.,21506,43008,21504,True,True,0,1,0,0,0,30,UNSTABLE,0,4,11,0.190625,96,3840,160,8,50.5034949000692,463867904
A_D07,PURE_DIRECTION,HERO,TECHNICAL_STOP,False,new__fin,new__fin: Severe sampled crossing cap reached; no further growth.,34162,68320,34160,True,True,0,1,0,0,0,30,UNSTABLE,0,5,11,0.4712699179140512,96,4660,992,4,59.2118446000386,532193280
A_D08,PURE_DIRECTION,HERO,SUCCESS,True,new__fin,All declared stages completed,20082,40160,20080,True,True,0,1,0,0,0,0,CLEAN_SAMPLE,0,5,11,0.20486985726280438,96,3900,0,1,49.454211900010705,473903104
A_D09,PURE_DIRECTION,C07,SUCCESS,True,new__fin,All declared stages completed,6018,12032,6016,True,True,0,1,0,0,0,4,LOW_CONTACT,12,3,4,0.3076923076923077,96,384,0,1,12.728111900039949,406405120
A_D10,PURE_DIRECTION,C07,TECHNICAL_STOP,False,new__fin,new__fin: Severe sampled crossing cap reached; no further growth.,8386,16768,8384,True,True,0,1,0,0,0,30,UNSTABLE,12,3,5,0.5304347826086957,96,140,116,16,13.316572300042026,416292864
A_R01,PURE_RIDGE,C07,SUCCESS,True,new__crest,All declared stages completed,5250,10880,5632,True,True,0,1,0,0,0,8,LOW_CONTACT,12,3,4,0.3333333333333333,96,384,0,1,11.697688100044616,379449344
A_R02,PURE_RIDGE,C07,SUCCESS,True,new__crest,All declared stages completed,5250,10880,5632,True,True,0,1,0,0,0,8,LOW_CONTACT,12,3,4,0.3333333333333333,96,384,0,1,11.799201000016183,403906560
A_R03,PURE_RIDGE,C07,SUCCESS,True,new__crest,All declared stages completed,7554,16640,9088,True,True,0,1,0,0,0,1,LOW_CONTACT,12,3,4,0.38095238095238093,96,160,136,16,14.662662099930458,420937728
A_R04,PURE_RIDGE,C07,SUCCESS,True,new__crest,All declared stages completed,7554,16640,9088,True,True,0,1,0,0,0,21,LOW_CONTACT,0,2,4,0.38095238095238093,96,298,230,42,13.105477700009942,409182208
A_R05,PURE_RIDGE,C07,SUCCESS,True,new__crest,All declared stages completed,5250,10880,5632,True,True,0,1,0,0,0,8,LOW_CONTACT,12,3,4,0.3333333333333333,96,384,0,1,13.016072500031441,405741568
A_R06,PURE_RIDGE,HERO,SUCCESS,True,new__crest,All declared stages completed,19314,39008,19696,True,True,0,1,0,0,0,0,CLEAN_SAMPLE,0,5,11,0.20908311910882604,96,3900,0,1,52.94981439993717,485224448
A_R07,PURE_RIDGE,HERO,SUCCESS,True,new__crest,All declared stages completed,20498,41968,21472,True,True,0,1,0,0,0,0,CLEAN_SAMPLE,0,5,11,0.19092331768388107,96,4492,0,1,53.47177659999579,500260864
A_R08,PURE_RIDGE,C07,SUCCESS,True,new__crest,All declared stages completed,6066,12920,6856,True,True,0,1,0,0,0,7,LOW_CONTACT,12,3,5,0.2716049382716049,96,124,104,16,12.041034099995159,426520576
A_R09,PURE_RIDGE,HERO,SUCCESS,True,new__crest,All declared stages completed,20026,40788,20764,True,True,0,1,0,0,0,2,LOW_CONTACT,0,4,11,0.1977710233029382,96,3832,164,14,53.76310139999259,499359744
A_R10,PURE_RIDGE,C07,SUCCESS,True,new__crest,All declared stages completed,5690,11980,6292,True,True,0,1,0,0,0,3,LOW_CONTACT,12,3,5,0.29157175398633256,96,104,76,13,11.331481100060046,428474368
