id,family,reference,status,technically_valid,completed_stage,stop_reason,vertices,edges,faces,manifold,closed,boundary_edges,components,degenerate_faces,fan_warnings,bilinear_warnings,sampled_crossings,contact_state,known_backbone_contacts_retained,ornament_depth,signatures,signature_dominance,nested_components,routing_patches,multi_face_patches,largest_patch,patches_spanning_parent_cells,patches_spanning_roots,runtime_seconds,peak_resident_bytes
C01,C_ASSEMBLY,C07,TECHNICAL_STOP,False,micro__end,micro__end: Severe sampled crossing cap reached; no further growth.,11478,24464,12988,True,True,0,1,0,0,0,30,UNSTABLE,12,4,7,0.3319959879638917,96,2376,429,16,112,0,26.13431849994231,423501824
C02,C_ASSEMBLY,C07,TECHNICAL_STOP,False,micro__end,micro__end: Severe sampled crossing cap reached; no further growth.,12054,25616,13564,True,True,0,1,0,0,0,30,UNSTABLE,12,4,7,0.3626794258373206,96,2579,447,16,112,0,23.957718799938448,433885184
C03,C_ASSEMBLY,C07,SUCCESS,True,patch__assembly,All declared stages completed,6306,13520,7216,True,True,0,1,0,0,0,3,LOW_CONTACT,12,3,5,0.29457364341085274,96,140,116,16,80,0,13.467807799926959,392171520
C04,C_ASSEMBLY,C07,TECHNICAL_STOP,False,patch__assembly,patch__assembly: Severe sampled crossing cap reached; no further growth.,10434,20864,10432,True,True,0,1,0,0,0,30,UNSTABLE,12,3,5,0.6326530612244898,96,160,136,16,112,0,14.977377400035039,405757952
C05,C_ASSEMBLY,C07,TECHNICAL_STOP,False,patch__assembly,patch__assembly: Severe sampled crossing cap reached; no further growth.,8130,16256,8128,True,True,0,1,0,0,0,30,UNSTABLE,12,3,5,0.5135135135135135,96,140,116,16,80,0,13.659784400020726,398815232
C06,C_ASSEMBLY,C07,SUCCESS,True,patch__assembly,All declared stages completed,5250,10880,5632,True,True,0,1,0,0,0,8,LOW_CONTACT,12,3,4,0.3333333333333333,96,384,0,1,0,0,11.88068740000017,387035136
C07,C_ASSEMBLY,C07,TECHNICAL_STOP,False,micro__end,micro__end: Severe sampled crossing cap reached; no further growth.,8990,18868,9880,True,True,0,1,0,0,0,30,UNSTABLE,0,3,7,0.3075880758807588,96,1720,268,26,79,18,19.6271596000297,397594624
C08,C_ASSEMBLY,C07,TECHNICAL_STOP,False,patch__assembly,patch__assembly: Severe sampled crossing cap reached; no further growth.,8050,16096,8048,True,True,0,1,0,0,0,30,UNSTABLE,0,2,5,0.5079726651480638,96,236,188,26,16,16,12.960932500078343,402952192
C09,C_ASSEMBLY,C07,SUCCESS,True,patch__assembly,All declared stages completed,7554,16640,9088,True,True,0,1,0,0,0,1,LOW_CONTACT,12,3,4,0.38095238095238093,96,160,136,16,112,0,13.713330399943516,409575424
C10,C_ASSEMBLY,C07,TECHNICAL_STOP,False,micro__end,micro__end: Severe sampled crossing cap reached; no further growth.,9572,20092,10522,True,True,0,1,0,0,0,30,UNSTABLE,12,4,7,0.33543903979785217,96,1739,309,16,90,0,21.550717600039206,422215680
C11,C_ASSEMBLY,C07,TECHNICAL_STOP,False,micro__end,micro__end: Severe sampled crossing cap reached; no further growth.,8588,17956,9370,True,True,0,1,0,0,0,30,UNSTABLE,12,4,7,0.304097771387491,96,1457,266,16,80,0,19.683758300030604,420192256
C12,C_ASSEMBLY,C07,TECHNICAL_STOP,False,patch__assembly,patch__assembly: Severe sampled crossing cap reached; no further growth.,7618,15232,7616,True,True,0,1,0,0,0,30,UNSTABLE,12,3,5,0.47572815533980584,96,140,116,16,80,0,13.374120000051335,407703552
C13,C_ASSEMBLY,C07,TECHNICAL_STOP,False,patch__right,patch__right: Severe sampled crossing cap reached; no further growth.,8946,18632,9688,True,True,0,1,0,0,0,30,UNSTABLE,12,3,7,0.34349030470914127,96,160,136,16,112,0,19.350359099917114,418238464
C14,C_ASSEMBLY,C07,TECHNICAL_STOP,False,micro__end,micro__end: Severe sampled crossing cap reached; no further growth.,9284,19456,10174,True,True,0,1,0,0,0,30,UNSTABLE,0,3,7,0.3298360655737705,96,1862,254,26,58,16,22.374870299943723,424316928
